{
  "metadata": {
    "generatedAt": "2026-07-19T00:00:51.172Z",
    "source": "n8n-google-sheets",
    "currency": "AED",
    "reportingYears": [
      2025,
      2026
    ],
    "currentReportingYear": 2026,
    "previousReportingYear": 2025,
    "latestDataMonthNumber": 7,
    "latestDataMonth": "July",
    "closedMonthNumber": 6,
    "closedMonth": "June",
    "comparisonPeriod": "Jan–Jun",
    "partialMonthExcluded": true
  },
  "totalsByYear": {
    "2025": {
      "booking": 2299039.78,
      "cashing": 1317252.2259220444,
      "cogs": 240844.23,
      "overheads": 1721584.86,
      "supportAllocation": 466238.97753599996,
      "totalCost": 2428668.067536,
      "operatingResult": -129628.28753600008,
      "cashGap": -1111415.8416139556,
      "cashCoverage": 0.5423763928590125,
      "bookingToCash": 0.5729575614050681
    },
    "2026": {
      "booking": 2448740.69,
      "cashing": 1557779.3323913033,
      "cogs": 322749.32999999996,
      "overheads": 1657321.08,
      "supportAllocation": 449566.176774,
      "totalCost": 2429636.586774,
      "operatingResult": 19104.103225999686,
      "cashGap": -871857.2543826967,
      "cashCoverage": 0.6411573405139066,
      "bookingToCash": 0.6361552853484471
    }
  },
  "monthlyData": [
    {
      "year": 2025,
      "month": "January",
      "monthShort": "Jan",
      "monthNumber": 1,
      "booking": 446994.0499999999,
      "cashing": 196438.08822028054,
      "cogs": 34960.630000000005,
      "overheads": 277082.88,
      "supportAllocation": 76884.26487200003,
      "totalCost": 388927.77487200004,
      "operatingResult": 58066.275127999834,
      "cashGap": -192489.6866517195,
      "cashCoverage": 0.5050760087394897,
      "bookingToCash": 0.4394646600335745,
      "hasMeaningfulData": true,
      "isPartial": false,
      "comparisonIncluded": true,
      "status": "closed"
    },
    {
      "year": 2025,
      "month": "February",
      "monthShort": "Feb",
      "monthNumber": 2,
      "booking": 382566.53,
      "cashing": 362978.9960327499,
      "cogs": 39778.89,
      "overheads": 263565.81000000006,
      "supportAllocation": 77706.94838799999,
      "totalCost": 381051.6483880001,
      "operatingResult": 1514.8816119999392,
      "cashGap": -18072.652355250204,
      "cashCoverage": 0.9525716463064661,
      "bookingToCash": 0.9487996663815569,
      "hasMeaningfulData": true,
      "isPartial": false,
      "comparisonIncluded": true,
      "status": "closed"
    },
    {
      "year": 2025,
      "month": "March",
      "monthShort": "Mar",
      "monthNumber": 3,
      "booking": 529956.93,
      "cashing": 224162.38691511075,
      "cogs": 36340.96,
      "overheads": 270269.88,
      "supportAllocation": 77600.21409200001,
      "totalCost": 384211.054092,
      "operatingResult": 145745.87590800005,
      "cashGap": -160048.66717688926,
      "cashCoverage": 0.5834355480606102,
      "bookingToCash": 0.422982273135122,
      "hasMeaningfulData": true,
      "isPartial": false,
      "comparisonIncluded": true,
      "status": "closed"
    },
    {
      "year": 2025,
      "month": "April",
      "monthShort": "Apr",
      "monthNumber": 4,
      "booking": 145049.9,
      "cashing": 94104.61475390336,
      "cogs": 38134.399999999994,
      "overheads": 300103.11,
      "supportAllocation": 79534.33465799999,
      "totalCost": 417771.844658,
      "operatingResult": -272721.944658,
      "cashGap": -323667.22990409663,
      "cashCoverage": 0.2252536066209538,
      "bookingToCash": 0.648774075362364,
      "hasMeaningfulData": true,
      "isPartial": false,
      "comparisonIncluded": true,
      "status": "closed"
    },
    {
      "year": 2025,
      "month": "May",
      "monthShort": "May",
      "monthNumber": 5,
      "booking": 243651.24,
      "cashing": 113605.38999999998,
      "cogs": 42895.23,
      "overheads": 326873.78,
      "supportAllocation": 75589.56027399999,
      "totalCost": 445358.570274,
      "operatingResult": -201707.330274,
      "cashGap": -331753.18027400004,
      "cashCoverage": 0.2550874679027868,
      "bookingToCash": 0.4662623100132796,
      "hasMeaningfulData": true,
      "isPartial": false,
      "comparisonIncluded": true,
      "status": "closed"
    },
    {
      "year": 2025,
      "month": "June",
      "monthShort": "Jun",
      "monthNumber": 6,
      "booking": 550821.1300000001,
      "cashing": 325962.74999999994,
      "cogs": 48734.119999999995,
      "overheads": 283689.39999999997,
      "supportAllocation": 78923.655252,
      "totalCost": 411347.175252,
      "operatingResult": 139473.95474800013,
      "cashGap": -85384.42525200004,
      "cashCoverage": 0.7924273451016365,
      "bookingToCash": 0.5917760453379846,
      "hasMeaningfulData": true,
      "isPartial": false,
      "comparisonIncluded": true,
      "status": "closed"
    },
    {
      "year": 2025,
      "month": "July",
      "monthShort": "Jul",
      "monthNumber": 7,
      "booking": 378190.33,
      "cashing": 599609.3715351127,
      "cogs": 52532.759999999995,
      "overheads": 281912.4,
      "supportAllocation": 73695.61115,
      "totalCost": 408140.77115000004,
      "operatingResult": -29950.441150000028,
      "cashGap": 191468.6003851127,
      "cashCoverage": 1.4691239246831924,
      "bookingToCash": 1.5854698652266246,
      "hasMeaningfulData": true,
      "isPartial": false,
      "comparisonIncluded": false,
      "status": "outside_ytd_comparison"
    },
    {
      "year": 2025,
      "month": "August",
      "monthShort": "Aug",
      "monthNumber": 8,
      "booking": 349078.24,
      "cashing": 499027.70999999944,
      "cogs": 49211.670000000006,
      "overheads": 279452.42000000004,
      "supportAllocation": 73270.56664399999,
      "totalCost": 401934.65664400003,
      "operatingResult": -52856.41664400004,
      "cashGap": 97093.05335599941,
      "cashCoverage": 1.2415642735729462,
      "bookingToCash": 1.4295583419923266,
      "hasMeaningfulData": true,
      "isPartial": false,
      "comparisonIncluded": false,
      "status": "outside_ytd_comparison"
    },
    {
      "year": 2025,
      "month": "September",
      "monthShort": "Sep",
      "monthNumber": 9,
      "booking": 197035.58,
      "cashing": 336160.52000001,
      "cogs": 50826.61000000001,
      "overheads": 292902.45000000007,
      "supportAllocation": 74010.91198599999,
      "totalCost": 417739.9719860001,
      "operatingResult": -220704.3919860001,
      "cashGap": -81579.4519859901,
      "cashCoverage": 0.8047123630564994,
      "bookingToCash": 1.7060904431575759,
      "hasMeaningfulData": true,
      "isPartial": false,
      "comparisonIncluded": false,
      "status": "outside_ytd_comparison"
    },
    {
      "year": 2025,
      "month": "October",
      "monthShort": "Oct",
      "monthNumber": 10,
      "booking": 268193.59,
      "cashing": 476545.80904760037,
      "cogs": 49288.579999999994,
      "overheads": 299611.65,
      "supportAllocation": 75341.978836,
      "totalCost": 424242.20883600006,
      "operatingResult": -156048.61883600004,
      "cashGap": 52303.60021160031,
      "cashCoverage": 1.1232871202398895,
      "bookingToCash": 1.7768724787479087,
      "hasMeaningfulData": true,
      "isPartial": false,
      "comparisonIncluded": false,
      "status": "outside_ytd_comparison"
    },
    {
      "year": 2025,
      "month": "November",
      "monthShort": "Nov",
      "monthNumber": 11,
      "booking": 499902.79,
      "cashing": 433681.8876698414,
      "cogs": 45821.13,
      "overheads": 299347.14,
      "supportAllocation": 88238.723516,
      "totalCost": 433406.993516,
      "operatingResult": 66495.79648399999,
      "cashGap": 274.89415384142194,
      "cashCoverage": 1.0006342633089775,
      "bookingToCash": 0.8675324409968614,
      "hasMeaningfulData": true,
      "isPartial": false,
      "comparisonIncluded": false,