{
  "metadata": {
    "generatedAt": "2026-07-23T20:00:50.595Z",
    "source": "n8n-google-sheets",
    "currency": "AED",
    "reportingYears": [
      2025,
      2026
    ],
    "currentReportingYear": 2026,
    "previousReportingYear": 2025,
    "latestDataMonthNumber": 7,
    "latestDataMonth": "July",
    "closedMonthNumber": 6,
    "closedMonth": "June",
    "comparisonPeriod": "Jan–Jun",
    "partialMonthExcluded": true
  },
  "totalsByYear": {
    "2025": {
      "booking": 2299039.7800000003,
      "cashing": 1317252.2259220444,
      "cogs": 240844.23,
      "overheads": 1721584.86,
      "supportAllocation": 0,
      "totalCost": 1962429.09,
      "operatingResult": 336610.69000000006,
      "cashGap": -645176.8640779556,
      "cashCoverage": 0.6712355787194555,
      "bookingToCash": 0.572957561405068
    },
    "2026": {
      "booking": 2448740.69,
      "cashing": 1557779.3323913033,
      "cogs": 315618.29,
      "overheads": 1657321.08,
      "supportAllocation": 0,
      "totalCost": 1972939.37,
      "operatingResult": 475801.31999999966,
      "cashGap": -415160.0376086967,
      "cashCoverage": 0.7895728353737009,
      "bookingToCash": 0.6361552853484471
    }
  },
  "monthlyData": [
    {
      "year": 2025,
      "month": "January",
      "monthShort": "Jan",
      "monthNumber": 1,
      "booking": 446994.04999999993,
      "cashing": 196438.08822028054,
      "cogs": 34960.630000000005,
      "overheads": 277082.88,
      "supportAllocation": 0,
      "totalCost": 312043.51,
      "operatingResult": 134950.53999999992,
      "cashGap": -115605.42177971947,
      "cashCoverage": 0.6295214671193787,
      "bookingToCash": 0.43946466003357443,
      "hasMeaningfulData": true,
      "isPartial": false,
      "comparisonIncluded": true,
      "status": "closed"
    },
    {
      "year": 2025,
      "month": "February",
      "monthShort": "Feb",
      "monthNumber": 2,
      "booking": 382566.53,
      "cashing": 362978.9960327499,
      "cogs": 39778.89,
      "overheads": 263565.81000000006,
      "supportAllocation": 0,
      "totalCost": 303344.70000000007,
      "operatingResult": 79221.82999999996,
      "cashGap": 59634.296032749815,
      "cashCoverage": 1.1965892136330378,
      "bookingToCash": 0.9487996663815569,
      "hasMeaningfulData": true,
      "isPartial": false,
      "comparisonIncluded": true,
      "status": "closed"
    },
    {
      "year": 2025,
      "month": "March",
      "monthShort": "Mar",
      "monthNumber": 3,
      "booking": 529956.93,
      "cashing": 224162.38691511075,
      "cogs": 36340.96,
      "overheads": 270269.88,
      "supportAllocation": 0,
      "totalCost": 306610.84,
      "operatingResult": 223346.09000000003,
      "cashGap": -82448.45308488928,
      "cashCoverage": 0.7310973966710073,
      "bookingToCash": 0.422982273135122,
      "hasMeaningfulData": true,
      "isPartial": false,
      "comparisonIncluded": true,
      "status": "closed"
    },
    {
      "year": 2025,
      "month": "April",
      "monthShort": "Apr",
      "monthNumber": 4,
      "booking": 145049.9,
      "cashing": 94104.61475390336,
      "cogs": 38134.399999999994,
      "overheads": 300103.11,
      "supportAllocation": 0,
      "totalCost": 338237.51,
      "operatingResult": -193187.61000000002,
      "cashGap": -244132.89524609665,
      "cashCoverage": 0.2782205165651301,
      "bookingToCash": 0.648774075362364,
      "hasMeaningfulData": true,
      "isPartial": false,
      "comparisonIncluded": true,
      "status": "closed"
    },
    {
      "year": 2025,
      "month": "May",
      "monthShort": "May",
      "monthNumber": 5,
      "booking": 243651.24,
      "cashing": 113605.38999999998,
      "cogs": 42895.23,
      "overheads": 326873.78,
      "supportAllocation": 0,
      "totalCost": 369769.01,
      "operatingResult": -126117.77000000002,
      "cashGap": -256163.62000000002,
      "cashCoverage": 0.30723339957558904,
      "bookingToCash": 0.4662623100132796,
      "hasMeaningfulData": true,
      "isPartial": false,
      "comparisonIncluded": true,
      "status": "closed"
    },
    {
      "year": 2025,
      "month": "June",
      "monthShort": "Jun",
      "monthNumber": 6,
      "booking": 550821.1300000001,
      "cashing": 325962.74999999994,
      "cogs": 48734.119999999995,
      "overheads": 283689.39999999997,
      "supportAllocation": 0,
      "totalCost": 332423.51999999996,
      "operatingResult": 218397.61000000016,
      "cashGap": -6460.770000000019,
      "cashCoverage": 0.980564642357436,
      "bookingToCash": 0.5917760453379846,
      "hasMeaningfulData": true,
      "isPartial": false,
      "comparisonIncluded": true,
      "status": "closed"
    },
    {
      "year": 2025,
      "month": "July",
      "monthShort": "Jul",
      "monthNumber": 7,
      "booking": 378190.33,
      "cashing": 599609.3715351127,
      "cogs": 52532.759999999995,
      "overheads": 281912.4,
      "supportAllocation": 0,
      "totalCost": 334445.16000000003,
      "operatingResult": 43745.169999999984,
      "cashGap": 265164.2115351127,
      "cashCoverage": 1.7928481056060512,
      "bookingToCash": 1.5854698652266246,
      "hasMeaningfulData": true,
      "isPartial": false,
      "comparisonIncluded": false,
      "status": "outside_ytd_comparison"
    },
    {
      "year": 2025,
      "month": "August",
      "monthShort": "Aug",
      "monthNumber": 8,
      "booking": 349078.24,
      "cashing": 499027.70999999944,
      "cogs": 49211.670000000006,
      "overheads": 279452.42000000004,
      "supportAllocation": 0,
      "totalCost": 328664.09,
      "operatingResult": 20414.149999999965,
      "cashGap": 170363.6199999994,
      "cashCoverage": 1.5183517919466023,
      "bookingToCash": 1.4295583419923266,
      "hasMeaningfulData": true,
      "isPartial": false,
      "comparisonIncluded": false,
      "status": "outside_ytd_comparison"
    },
    {
      "year": 2025,
      "month": "September",
      "monthShort": "Sep",
      "monthNumber": 9,
      "booking": 197035.58000000002,
      "cashing": 336160.52000001,
      "cogs": 50826.61000000001,
      "overheads": 292902.45000000007,
      "supportAllocation": 0,
      "totalCost": 343729.06000000006,
      "operatingResult": -146693.48000000004,
      "cashGap": -7568.539999990084,
      "cashCoverage": 0.9779810877788742,
      "bookingToCash": 1.7060904431575756,
      "hasMeaningfulData": true,
      "isPartial": false,
      "comparisonIncluded": false,
      "status": "outside_ytd_comparison"
    },
    {
      "year": 2025,
      "month": "October",
      "monthShort": "Oct",
      "monthNumber": 10,
      "booking": 268193.59,
      "cashing": 476545.80904760037,
      "cogs": 49288.579999999994,
      "overheads": 299611.65,
      "supportAllocation": 0,
      "totalCost": 348900.23000000004,
      "operatingResult": -80706.64000000001,
      "cashGap": 127645.57904760033,
      "cashCoverage": 1.365851232163419,
      "bookingToCash": 1.7768724787479087,
      "hasMeaningfulData": true,
      "isPartial": false,
      "comparisonIncluded": false,
      "status": "outside_ytd_comparison"
    },
    {
      "year": 2025,
      "month": "November",
      "monthShort": "Nov",
      "monthNumber": 11,
      "booking": 499902.79,
      "cashing": 433681.8876698414,
      "cogs": 45821.13,
      "overheads": 299347.14,
      "supportAllocation": 0,
      "totalCost": 345168.27,
      "operatingResult": 154734.51999999996,
      "cashGap": 88513.61766984139,
      "cashCoverage": 1.2564361366988959,
      "bookingToCash": 0.8675324409968614,
      "hasMeaningfulData": true,
      "isPartial": false,
      "comparisonIncluded": false,
      "status": "outside_ytd_comparison"
    },
    {
      "year": 2025,
      "month": "December",
      "monthShort": "Dec",
      "monthNumber": 12,
      "booking": 448397.33999999997,
      "cashing": 451208.95391514286,
      "cogs": 73616.47,